sim,replicate,n,d,corr,prop_NA,true_beta,true_intercept,center_X,set_up
MCAR_5d_095corr,0.0,115000.0,5.0,95.0,25.0,[ 1.62434536 -0.61175641 -0.52817175 -1.07296862  0.86540763],0.0,[0. 0. 0. 0. 0.],MCAR_5d_095corr_rep0_n115000_d5_corr95_NA25
MCAR_5d_095corr,1.0,115000.0,5.0,95.0,25.0,[ 1.07305109  0.82400131  0.21737308 -0.93251636  0.70351991],0.0,[0. 0. 0. 0. 0.],MCAR_5d_095corr_rep1_n115000_d5_corr95_NA25
MCAR_5d_095corr,2.0,115000.0,5.0,95.0,25.0,[-0.76249872 -2.52019155 -0.0081512  -0.1126459   0.19924389],0.0,[0. 0. 0. 0. 0.],MCAR_5d_095corr_rep2_n115000_d5_corr95_NA25
MCAR_5d_095corr,3.0,115000.0,5.0,95.0,25.0,[-0.12974637 -0.43183488 -1.24254222 -0.2063726  -0.74698762],0.0,[0. 0. 0. 0. 0.],MCAR_5d_095corr_rep3_n115000_d5_corr95_NA25
MCAR_5d_095corr,4.0,115000.0,5.0,95.0,25.0,[-0.27476253  2.2262513   0.56171035  0.35684969  0.83109376],0.0,[0. 0. 0. 0. 0.],MCAR_5d_095corr_rep4_n115000_d5_corr95_NA25
